"id","iso_code","continent","location","date","total_cases","new_cases","new_cases_smoothed","total_deaths","new_deaths","new_deaths_smoothed","total_cases_per_million","new_cases_per_million","new_cases_smoothed_per_million","total_deaths_per_million","new_deaths_per_million","new_deaths_smoothed_per_million","reproduction_rate","icu_patients","icu_patients_per_million","hosp_patients","hosp_patients_per_million","weekly_icu_admissions","weekly_icu_admissions_per_million","weekly_hosp_admissions","weekly_hosp_admissions_per_million","new_tests","total_tests","total_tests_per_thousand","new_tests_per_thousand","new_tests_smoothed","new_tests_smoothed_per_thousand","positive_rate","tests_per_case","tests_units","total_vaccinations","people_vaccinated","people_fully_vaccinated","new_vaccinations","new_vaccinations_smoothed","total_vaccinations_per_hundred","people_vaccinated_per_hundred","people_fully_vaccinated_per_hundred","new_vaccinations_smoothed_per_million","stringency_index","population","population_density","median_age","aged_65_older","aged_70_older","gdp_per_capita","extreme_poverty","cardiovasc_death_rate","diabetes_prevalence","female_smokers","male_smokers","handwashing_facilities","hospital_beds_per_thousand","life_expectancy","human_development_index","excess_mortality"
1,"AFG","Asia","Afghanistan","2021-07-09","131586","1473","1624.286","5561","84","85.571","3380.211","37.839","41.725","142.852","2.158","2.198","","","","","","","","","","","","","","","","","","","","","","","","","","","","","38928341","54.422","18.6","2.581","1.337","1803.987","","597.029","9.59","","","37.746","0.5","64.83","0.511",""
2,"OWID_AFR","","Africa","2021-07-09","5869127","46528","39768","150483","881","864.857","4377.991","34.707","29.664","112.251","0.657","0.645","","","","","","","","","","","","","","","","","","","55241176","38153695","17675678","283131","510068","4.12","2.85","1.32","380","","1340598113","","","","","","","","","","","","","","",""
3,"ALB","Europe","Albania","2021-07-09","132580","15","7.714","2456","0","0","46069.915","5.212","2.681","853.43","0","0","","","","","","","","","","","","","","","","","","","","","","","","","","","","","2877800","104.871","38","13.188","8.643","11803.431","1.1","304.195","10.08","7.1","51.2","","2.89","78.57","0.795",""
4,"DZA","Africa","Algeria","2021-07-09","144483","831","561.857","3811","13","10.857","3294.859","18.951","12.813","86.908","0.296","0.248","","","","","","","","","","","","","","","","","","","","","","","","","","","","","43851043","17.348","29.1","6.211","3.857","13913.839","0.5","278.364","6.73","0.7","30.4","83.741","1.9","76.88","0.748",""
5,"AND","Europe","Andorra","2021-07-09","14075","25","22.429","127","0","0","182165.275","323.562","290.281","1643.694","0","0","","","","","","","","","","","","","","","","","","","","","","","","","","","","","77265","163.755","","","","","","109.135","7.97","29","37.8","","","83.73","0.868",""
6,"AGO","Africa","Angola","2021-07-09","39791","198","100.286","928","3","3.143","1210.694","6.024","3.051","28.236","0.091","0.096","","","","","","","","","","","","","","","","","","","","","","","","","","","","","32866268","23.89","16.8","2.405","1.362","5819.495","","276.045","3.94","","","26.664","","61.15","0.581",""
7,"ATG","North America","Antigua and Barbuda","2021-07-09","1266","0","0.286","42","0","0","12927.865","0","2.918","428.887","0","0","","","","","","","","","","","16700","170.533","","","","","","tests performed","","","","","","","","","","","97928","231.845","32.1","6.933","4.631","21490.943","","191.511","13.17","","","","3.8","77.02","0.778",""
8,"ARG","South America","Argentina","2021-07-09","4627537","14518","16442.571","98148","244","395.143","102388.703","321.225","363.808","2171.619","5.399","8.743","","","","","","","","","","","","","","","","","","","24048381","19162483","4885898","326276","391194","53.21","42.4","10.81","8656","","45195777","16.177","31.9","11.198","7.441","18933.907","0.6","191.032","5.5","16.2","27.7","","5","76.67","0.845",""
9,"ARM","Asia","Armenia","2021-07-09","226135","148","113.714","4540","4","3.143","76313.582","49.945","38.375","1532.11","1.35","1.061","","","","","","","","","","","","","","","","","","","","","","","","","","","","","2963234","102.931","35.7","11.232","7.571","8787.58","1.8","341.01","7.11","1.5","52.1","94.043","4.2","75.09","0.776",""
10,"ABW","North America","Aruba","2021-07-09","","","","","","","","","","","","","","","","","","","","","","","","","","","","","","","130670","69031","61639","549","384","122.39","64.66","57.73","3597","","106766","584.8","41.2","13.085","7.452","35973.781","","","11.62","","","","","76.29","",""
11,"OWID_ASI","","Asia","2021-07-09","57255685","171415","161440.143","813758","3089","2648.143","12339.993","36.944","34.794","175.385","0.666","0.571","","","","","","","","","","","","","","","","","","","2114619852","1172758155","412161326","15031879","21602587","45.58","25.28","8.88","4656","","4639847425","","","","","","","","","","","","","","",""
12,"AUS","Oceania","Australia","2021-07-09","31015","64","40.143","910","0","0","1216.28","2.51","1.574","35.686","0","0","","","","","","","","","","","","","","","","","","","8871572","6691028","2180544","164773","128774","34.79","26.24","8.55","5050","","25499881","3.202","37.9","15.504","10.129","44648.71","0.5","107.791","5.07","13","16.5","","3.84","83.44","0.944",""
13,"AUT","Europe","Austria","2021-07-09","651291","163","103.143","10722","1","1.857","72314.243","18.098","11.452","1190.487","0.111","0.206","","","","","","","","","","","","","","","","","","","","","","","","","","","","","9006400","106.749","44.4","19.202","13.748","45436.686","0.7","145.183","6.35","28.4","30.9","","7.37","81.54","0.922",""
14,"AZE","Asia","Azerbaijan","2021-07-09","336962","174","105.571","4982","2","0.714","33233.67","17.161","10.412","491.361","0.197","0.07","","","","","","","","","","","","","","","","","","","4015612","2437929","1577683","51510","49269","39.6","24.04","15.56","4859","","10139175","119.309","32.4","6.018","3.871","15847.419","","559.812","7.11","0.3","42.5","83.241","4.7","73","0.756",""
15,"BHS","North America","Bahamas","2021-07-09","13024","0","41.286","252","0","0.857","33119.05","0","104.986","640.817","0","2.18","","","","","","","","","","","","","","","","","","","","","","","","","","","","","393248","39.497","34.3","8.996","5.2","27717.847","","235.954","13.17","3.1","20.4","","2.9","73.92","0.814",""
16,"BHR","Asia","Bahrain","2021-07-09","267038","119","128.286","1374","3","2.571","156935.042","69.935","75.392","807.483","1.763","1.511","","","","","","","","","","13164","5137699","3019.364","7.736","12171","7.153","","","units unclear","2180164","1082604","1017365","6807","6637","128.13","63.62","59.79","3900","","1701583","1935.907","32.4","2.372","1.387","43290.705","","151.689","16.52","5.8","37.6","","2","77.29","0.852",""
17,"BGD","Asia","Bangladesh","2021-07-09","1000543","11324","10071.571","16004","212","175.143","6075.334","68.76","61.155","97.177","1.287","1.063","","","","","","","","","","","","","","","","","","","","","","","","","","","","","164689383","1265.036","27.5","5.098","3.262","3523.984","14.8","298.003","8.38","1","44.7","34.808","0.8","72.59","0.632",""
18,"BRB","North America","Barbados","2021-07-09","4128","9","6.571","48","1","0.143","14364.706","31.318","22.867","167.031","3.48","0.497","","","","","","","","","","","","","","","","","","","","","","","","","","","","","287371","664.463","39.8","14.952","9.473","16978.068","","170.05","13.57","1.9","14.5","88.469","5.8","79.19","0.814",""
19,"BLR","Europe","Belarus","2021-07-09","425804","1250","924.857","3236","11","10.286","45061.862","132.285","97.876","342.458","1.164","1.089","","","","","","","","","","","","","","","","","","","","","","","","","","","","","9449321","46.858","40.3","14.799","9.788","17167.967","","443.129","5.18","10.5","46.1","","11","74.79","0.823",""
20,"BEL","Europe","Belgium","2021-07-09","1093700","1223","1027.429","25198","2","1.857","94368.959","105.525","88.651","2174.188","0.173","0.16","","","","","","","","","","","","","","","","","","","","","","","","","","","","","11589616","375.564","41.8","18.571","12.849","42658.576","0.2","114.898","4.29","25.1","31.4","","5.64","81.63","0.931",""
21,"BLZ","North America","Belize","2021-07-09","13518","42","25","330","0","0","33997.198","105.628","62.874","829.936","0","0","","","","","","","","","","","163555","411.334","","1125","2.829","","","tests performed","","","","","","","","","","","397621","16.426","25","3.853","2.279","7824.362","","176.957","17.11","","","90.083","1.3","74.62","0.716",""
22,"BEN","Africa","Benin","2021-07-09","8227","0","4","105","0","0.143","678.616","0","0.33","8.661","0","0.012","","","","","","","","","","","","","","","","","","","","","","","","","","","","","12123198","99.11","18.8","3.244","1.942","2064.236","49.6","235.848","0.99","0.6","12.3","11.035","0.5","61.77","0.545",""
23,"BMU","North America","Bermuda","2021-07-03","","","","","","","","","","","","","","","","","","","","","","","","","","","","","","","81845","","","","408","131.43","","","6552","","62273","1308.82","","","","50669.315","","139.547","13","","","","","82.59","",""
24,"BTN","Asia","Bhutan","2021-07-09","2258","6","19.429","1","0","0","2926.341","7.776","25.179","1.296","0","0","","","","","","","","","","","","","","","","","","","","","","","","","","","","","771612","21.188","28.6","4.885","2.977","8708.597","1.5","217.066","9.75","","","79.807","1.7","71.78","0.654",""
25,"BOL","South America","Bolivia","2021-07-09","451224","0","1191.429","17126","0","35.286","38655.262","0","102.067","1467.143","0","3.023","","","","","","","","","","","","","","","","","","","","","","","","","","","","","11673029","10.202","25.4","6.704","4.393","6885.829","7.1","204.299","6.89","","","25.383","1.1","71.51","0.718",""
26,"BIH","Europe","Bosnia and Herzegovina","2021-07-09","205047","0","0","9667","0","0","62498.8","0","0","2946.524","0","0","","","","","","","","","","","","","","","","","","","","","","","","","","","","","3280815","68.496","42.5","16.569","10.711","11713.895","0.2","329.635","10.08","30.2","47.7","97.164","3.5","77.4","0.78",""
27,"BWA","Africa","Botswana","2021-07-09","75388","0","563.571","1202","0","6.286","32057.832","0","239.652","511.136","0","2.673","","","","","","","","","","","","","","","","","","","","","","","","","","","","","2351625","4.044","25.8","3.941","2.242","15807.374","","237.372","4.81","5.7","34.4","","1.8","69.59","0.735",""
28,"BRA","South America","Brazil","2021-07-09","19020499","57737","47575.714","531688","1509","1390.857","89483.214","271.628","223.823","2501.362","7.099","6.543","","","","","","","","","","","","","","","","","","","112774302","85201397","29901792","1296611","1307672","53.06","40.08","14.07","6152","","212559409","25.04","33.5","8.552","5.06","14103.452","3.4","177.961","8.11","10.1","17.9","","2.2","75.88","0.765",""
29,"BRN","Asia","Brunei","2021-07-09","266","0","0.714","3","0","0","608.024","0","1.633","6.857","0","0","","","","","","","","","","","","","","","","","","","","","","","","","","","","","437483","81.347","32.4","4.591","2.382","71809.251","","201.285","12.79","2","30.9","","2.7","75.86","0.838",""
30,"BGR","Europe","Bulgaria","2021-07-09","422414","61","61.571","18138","4","7.857","60792.595","8.779","8.861","2610.368","0.576","1.131","","","","","","","","","","12565","3295239","474.241","1.808","12645","1.82","","","tests performed","1847225","1000367","846858","11544","8846","26.58","14.4","12.19","1273","","6948445","65.18","44.7","20.801","13.272","18563.307","1.5","424.688","5.81","30.1","44.4","","7.454","75.05","0.816",""
31,"BFA","Africa","Burkina Faso","2021-07-09","13506","1","2.571","168","0","0","646.119","0.048","0.123","8.037","0","0","","","","","","","","","","","","","","","","","","","","","","","","","","","","","20903278","70.151","17.6","2.409","1.358","1703.102","43.7","269.048","2.42","1.6","23.9","11.877","0.4","61.58","0.452",""
32,"BDI","Africa","Burundi","2021-07-09","5608","23","16.286","8","0","0","471.626","1.934","1.37","0.673","0","0","","","","","","","","","","","","","","","","","","","","","","","","","","","","","11890781","423.062","17.5","2.562","1.504","702.225","71.7","293.068","6.05","","","6.144","0.8","61.58","0.433",""
33,"KHM","Asia","Cambodia","2021-07-09","59045","988","956.429","855","30","27.857","3531.617","59.095","57.206","51.14","1.794","1.666","","","","","","","","","","","","","","","","","","","8421951","4793197","3628754","149665","123420","50.37","28.67","21.7","7382","","16718971","90.672","25.6","4.412","2.385","3645.07","","270.892","4","2","33.7","66.229","0.8","69.82","0.594",""
34,"CMR","Africa","Cameroon","2021-07-09","80858","0","0","1324","0","0","3045.974","0","0","49.876","0","0","","","","","","","","","","","","","","","","","","","","","","","","","","","","","26545864","50.885","18.8","3.165","1.919","3364.926","23.8","244.661","7.2","","","2.735","1.3","59.29","0.563",""
35,"CAN","North America","Canada","2021-07-09","1427475","770","519.714","26383","8","11","37821.765","20.402","13.77","699.033","0.212","0.291","","","","","","","","","","","","","","","","","","","41859123","26145631","15713492","546257","491618","110.91","69.27","41.63","13026","","37742157","4.037","41.4","16.984","10.797","44017.591","0.5","105.599","7.37","12","16.6","","2.5","82.43","0.929",""
36,"CPV","Africa","Cape Verde","2021-07-09","32928","45","37.429","289","0","0.286","59224.3","80.937","67.319","519.795","0","0.514","","","","","","","","","","","","","","","","","","","","","","","","","","","","","555988","135.58","25.7","4.46","3.437","6222.554","","182.219","2.42","2.1","16.5","","2.1","72.98","0.665",""
37,"CYM","North America","Cayman Islands","2021-07-08","","","","","","","","","","","","","","","","","","","","","","","","","","","","","","","94277","48764","45504","72","89","143.45","74.2","69.24","1354","","65720","256.496","","","","49903.029","","","13.22","","","","","83.92","",""
38,"CAF","Africa","Central African Republic","2021-07-09","7142","0","0.143","98","0","0","1478.747","0","0.03","20.291","0","0","","","","","","","","","","","","","","","","","","","","","","","","","","","","","4829764","7.479","18.3","3.655","2.251","661.24","","435.727","6.1","","","16.603","1","53.28","0.397",""
39,"TCD","Africa","Chad","2021-07-09","4953","0","0.286","174","0","0","301.537","0","0.017","10.593","0","0","","","","","","","","","","","","","","","","","","","","","","","","","","","","","16425859","11.833","16.7","2.486","1.446","1768.153","38.4","280.995","6.1","","","5.818","","54.24","0.398",""
40,"CHL","South America","Chile","2021-07-09","1582391","2800","2825.429","33636","122","118.143","82777.448","146.473","147.803","1759.554","6.382","6.18","","","","","","","","","","","","","","","","","","","","","","","","","","","","","19116209","24.282","35.4","11.087","6.938","22767.037","1.3","127.993","8.46","34.2","41.5","","2.11","80.18","0.851",""
41,"CHN","Asia","China","2021-07-09","92070","26","26.143","4636","0","0","63.968","0.018","0.018","3.221","0","0","","","","","","","","","","","","","","","","","","","1365463000","","","11237000","11755429","94.87","","","8167","","1439323774","147.674","38.7","10.641","5.929","15308.712","0.7","261.899","9.74","1.9","48.4","","4.34","76.91","0.761",""
42,"COL","South America","Colombia","2021-07-09","4471622","21536","24902.857","111731","576","572.571","87880.671","423.246","489.415","2195.846","11.32","11.253","","","","","","","","","","","","","","","","","","","","","","","","","","","","70.37","50882884","44.223","32.2","7.646","4.312","13254.949","4.5","124.24","7.44","4.7","13.5","65.386","1.71","77.29","0.767",""
43,"COM","Africa","Comoros","2021-07-09","3979","3","3.143","146","0","0","4575.693","3.45","3.614","167.894","0","0","","","","","","","","","","","","","","","","","","","","","","","","","","","","","869595","437.352","20.4","2.963","1.726","1413.89","18.1","261.516","11.88","4.4","23.6","15.574","2.2","64.32","0.554",""
44,"COG","Africa","Congo","2021-07-09","12790","0","13.571","167","0","0.143","2317.83","0","2.459","30.264","0","0.026","","","","","","","","","","","","","","","","","","","","","","","","","","","","","5518092","15.405","19","3.402","2.063","4881.406","37","344.094","7.2","1.7","52.3","47.964","","64.57","0.574",""
45,"COK","Oceania","Cook Islands","2021-06-29","","","","","","","","","","","","","","","","","","","","","","","","","","","","","","","18942","9755","9187","","173","107.85","55.54","52.31","9850","","17564","","","","","","","","","","","","","76.25","",""
46,"CRI","North America","Costa Rica","2021-07-09","380482","1544","1325.143","4773","13","12.429","74690.515","303.095","260.132","936.964","2.552","2.44","","","","","","","","","","","","","","","","","","","","","","","","","","","","","5094114","96.079","33.6","9.468","5.694","15524.995","1.3","137.973","8.78","6.4","17.4","83.841","1.13","80.28","0.81",""
47,"CIV","Africa","Cote d'Ivoire","2021-07-09","48776","37","56.857","318","1","0.429","1849.097","1.403","2.155","12.055","0.038","0.016","","","","","","","","","","","","","","","","","","","850857","850857","","15694","10033","3.23","3.23","","380","","26378275","76.399","18.7","2.933","1.582","3601.006","28.2","303.74","2.42","","","19.351","","57.78","0.538",""
48,"HRV","Europe","Croatia","2021-07-09","360680","87","87.571","8226","0","2","87857.845","21.192","21.331","2003.767","0","0.487","","","","","","","","","","","","","","","","","","","2792456","1543689","1248767","","22752","68.02","37.6","30.42","5542","","4105268","73.726","44","19.724","13.053","22669.797","0.7","253.782","5.59","34.3","39.9","","5.54","78.49","0.851",""
49,"CUB","North America","Cuba","2021-07-09","224818","6422","3937.857","1451","20","18.429","19848.647","566.983","347.664","128.105","1.766","1.627","","","","","","","","","","","","","","","","","","","","","","","","","","","","","11326616","110.408","43.1","14.738","9.719","","","190.968","8.27","17.1","53.3","85.198","5.2","78.8","0.783",""
50,"CUW","North America","Curacao","2021-07-09","","","","","","","","","","","","","","","","","","","","","","","","","","","","","","","169429","89550","79879","","251","103.25","54.57","48.68","1530","","164100","362.644","41.7","16.367","10.068","","","","11.62","","","","","78.88","",""
51,"CYP","Europe","Cyprus","2021-07-09","82463","882","800.143","380","0","0.857","92863.216","993.238","901.057","427.926","0","0.965","","","","","","","","","","","","","","","","","","","","","","","","","","","","","888005","127.657","37.3","13.416","8.563","32415.132","","141.171","9.24","19.6","52.7","","3.4","80.98","0.887",""
52,"CZE","Europe","Czechia","2021-07-09","1668891","272","183.286","30331","0","3.286","155840.303","25.399","17.115","2832.295","0","0.307","","","","","","","","","","","","","","","","","","","8896300","5215303","3778749","91618","59947","83.07","48.7","35.29","5598","","10708982","137.176","43.3","19.027","11.58","32605.906","","227.485","6.82","30.5","38.3","","6.63","79.38","0.9",""
53,"COD","Africa","Democratic Republic of Congo","2021-07-09","43694","361","274.714","979","6","6","487.866","4.031","3.067","10.931","0.067","0.067","","","","","","","","","","","","","","","","","","","","","","","","","","","","","89561404","35.879","17","3.02","1.745","808.133","77.1","318.949","6.1","","","4.472","","60.68","0.48",""
54,"DNK","Europe","Denmark","2021-07-09","298970","559","523.429","2539","0","0.286","51615.94","96.509","90.368","438.348","0","0.049","","","","","","","","","","","","","","","","","","","","","","","","","","","","","5792203","136.52","42.3","19.677","12.325","46682.515","0.2","114.767","6.41","19.3","18.8","","2.5","80.9","0.94",""
55,"DJI","Africa","Djibouti","2021-07-09","11614","0","1.714","155","0","0","11755.037","0","1.735","156.882","0","0","","","","","","","","","","","","","","","","","","","","","","","","","","","","","988002","41.285","25.4","4.213","2.38","2705.406","22.5","258.037","6.05","1.7","24.5","","1.4","67.11","0.524",""
56,"DMA","North America","Dominica","2021-07-09","197","0","0.429","","","0","2736.453","0","5.953","","","0","","","","","","","","","","","","","","","","","","","40004","20456","19548","","9","55.57","28.41","27.15","125","","71991","98.567","","","","9673.367","","227.376","11.62","","","","3.8","75","0.742",""
57,"DOM","North America","Dominican Republic","2021-07-09","332384","558","689","3879","9","4.714","30640.389","51.439","63.515","357.581","0.83","0.435","","","","","","","","","","","","","","","","","","","","","","","","","","","","","10847904","222.873","27.6","6.981","4.419","14600.861","1.6","266.653","8.2","8.5","19.1","55.182","1.6","74.08","0.756",""
58,"ECU","South America","Ecuador","2021-07-09","467073","1195","845.143","21803","35","25.714","26473.469","67.732","47.902","1235.783","1.984","1.457","","","","","","","","","","","","","","","","","","","","","","","","","","","","","17643060","66.939","28.1","7.104","4.458","10581.936","3.6","140.448","5.55","2","12.3","80.635","1.5","77.01","0.759",""
59,"EGY","Africa","Egypt","2021-07-09","282864","127","163.143","16368","17","21.857","2764.114","1.241","1.594","159.946","0.166","0.214","","","","","","","","","","","","","","","","","","","","","","","","","","","","","102334403","97.999","25.3","5.159","2.891","10550.206","1.3","525.432","17.31","0.2","50.1","89.827","1.6","71.99","0.707",""
60,"SLV","North America","El Salvador","2021-07-09","80932","0","309.429","2433","5","5.714","12477.566","0","47.706","375.104","0.771","0.881","","","","","","","","","","","","","","","","","","","3212880","1951564","1261316","75956","46054","49.53","30.09","19.45","7100","","6486201","307.811","27.6","8.273","5.417","7292.458","2.2","167.295","8.87","2.5","18.8","90.65","1.3","73.32","0.673",""
61,"GNQ","Africa","Equatorial Guinea","2021-07-09","8790","0","6.857","122","0","0","6265.213","0","4.888","86.957","0","0","","","","","","","","","","1384","163221","116.338","0.986","","","","","tests performed","","","","","","","","","","","1402985","45.194","22.4","2.846","1.752","22604.873","","202.812","7.78","","","24.64","2.1","58.74","0.592",""
62,"ERI","Africa","Eritrea","2021-07-09","6259","17","29.714","29","1","0.571","1764.875","4.794","8.379","8.177","0.282","0.161","","","","","","","","","","","","","","","","","","","","","","","","","","","","","3546427","44.304","19.3","3.607","2.171","1510.459","","311.11","6.05","0.2","11.4","","0.7","66.32","0.459",""
63,"EST","Europe","Estonia","2021-07-09","131396","39","39","1270","0","0.143","99051.743","29.4","29.4","957.379","0","0.108","","","","","","","","","","","","","","","","","","","1015627","580404","435223","6631","6413","76.56","43.75","32.81","4834","","1326539","31.033","42.7","19.452","13.491","29481.252","0.5","255.569","4.02","24.5","39.3","","4.69","78.74","0.892",""
64,"SWZ","Africa","Eswatini","2021-07-09","19779","117","99.286","686","1","1.143","17048.452","100.848","85.579","591.296","0.862","0.985","","","","","","","","","","","","","","","","","","","","","","","","","","","","","1160164","79.492","21.5","3.163","1.845","7738.975","","333.436","3.94","1.7","16.5","24.097","2.1","60.19","0.611",""
65,"ETH","Africa","Ethiopia","2021-07-09","276871","72","78.286","4342","1","2.143","2408.337","0.626","0.681","37.768","0.009","0.019","","","","","","","","","","","","","","","","","","","2055593","","","467","3690","1.79","","","32","","114963583","104.957","19.8","3.526","2.063","1729.927","26.7","182.634","7.47","0.4","8.5","7.96","0.3","66.6","0.485",""
66,"OWID_EUR","","Europe","2021-07-09","49025275","110454","87077.714","1114071","950","952.286","65482.276","147.532","116.308","1488.047","1.269","1.272","","","","","","","","","","","","","","","","","","","553435612","328091385","235113232","3860608","4928892","73.92","43.82","31.4","6583","","748680069","","","","","","","","","","","","","","",""
67,"OWID_EUN","","European Union","2021-07-09","33004331","46017","31261.571","741327","162","183.286","74180.528","103.428","70.264","1666.206","0.364","0.412","","","","","","","","","","","","","","","","","","","399819954","238530201","171045206","2676517","3793767","89.86","53.61","38.44","8527","","444919060","","","","","","","","","","","","","","",""
68,"FLK","South America","Falkland Islands","2021-04-14","","","","","","","","","","","","","","","","","","","","","","","","","","","","","","","4407","2632","1775","","12","126.53","75.57","50.96","3445","","3483","","","","","","","","","","","","","81.44","",""
69,"FJI","Oceania","Fiji","2021-07-09","9521","860","609.714","51","3","3.714","10620.853","959.346","680.148","56.891","3.347","4.143","","","","","","","","","","","","","","","","","","","","","","","","","","","","","896444","49.562","28.6","6.224","3.284","8702.975","1.4","412.82","14.49","10.2","34.8","","2.3","67.44","0.743",""
70,"FIN","Europe","Finland","2021-07-09","97651","302","210.143","976","0","0.429","17624.25","54.506","37.927","176.15","0","0.077","","","","","","","","","","","","","","","","","","","4715679","3440351","1275328","79779","36106","85.11","62.09","23.02","6516","","5540718","18.136","42.8","21.228","13.264","40585.721","","153.507","5.76","18.3","22.6","","3.28","81.91","0.938",""
71,"FRA","Europe","France","2021-07-09","5865767","4639","3301.857","111492","19","24.286","86817.613","68.661","48.87","1650.163","0.281","0.359","","","","","","","","","","","","","","","","","","","","","","","","","","","","","67564251","122.578","42","19.718","13.079","38605.671","","86.06","4.77","30.1","35.6","","5.98","82.66","0.901",""
72,"PYF","Oceania","French Polynesia","2021-06-29","","","","","","","","","","","","","","","","","","","","","","","","","","","","","","","132540","71242","61298","","882","47.18","25.36","21.82","3140","","280904","77.324","32.7","7.775","4.593","","","","22.63","","","","","77.66","",""
73,"GAB","Africa","Gabon","2021-07-09","25164","31","12.571","162","1","0.429","11305.964","13.928","5.648","72.785","0.449","0.193","","","","","","","","","","","873543","392.475","","","","","","samples tested","","","","","","","","","","","2225728","7.859","23.1","4.45","2.976","16562.413","3.4","259.967","7.2","","","","6.3","66.47","0.703",""
74,"GMB","Africa","Gambia","2021-07-09","6183","0","14.857","183","0","0.286","2558.486","0","6.148","75.724","0","0.118","","","","","","","","","","","","","","","","","","","","","","","","","","","","","2416664","207.566","17.5","2.339","1.417","1561.767","10.1","331.43","1.91","0.7","31.2","7.876","1.1","62.05","0.496",""
75,"GEO","Asia","Georgia","2021-07-09","374836","1108","973.429","5421","6","12.286","93963.288","277.752","244.018","1358.928","1.504","3.08","","","","","","","","","","","","","","","","","","","403294","289399","113895","8074","4705","10.11","7.25","2.86","1179","","3989175","65.032","38.7","14.864","10.244","9745.079","4.2","496.218","7.11","5.3","55.5","","2.6","73.77","0.812",""
76,"DEU","Europe","Germany","2021-07-09","3742355","885","675","91232","35","28.571","44666.732","10.563","8.056","1088.896","0.418","0.341","","","","","","","","","","","","","","","","","","","81333461","48417298","35009091","698807","633990","97.08","57.79","41.78","7567","","83783945","237.016","46.6","21.453","15.957","45229.245","","156.139","8.31","28.2","33.1","","8","81.33","0.947",""
77,"GHA","Africa","Ghana","2021-07-09","96971","0","151","797","0","0.143","3120.753","0","4.86","25.649","0","0.005","","","","","","","","","","","","","","","","","","","","","","","","","","","","","31072945","126.719","21.1","3.385","1.948","4227.63","12","298.245","4.97","0.3","7.7","41.047","0.9","64.07","0.611",""
78,"GIB","Europe","Gibraltar","2021-07-02","","","","","","","","","","","","","","","","","","","","","","","","","","","","","","","78125","39259","38866","","10","231.89","116.53","115.36","297","","33691","3457.1","","","","","","","","","","","","79.93","",""
79,"GRC","Europe","Greece","2021-07-09","435018","1997","1550.429","12761","12","8.571","41736.128","191.594","148.75","1224.305","1.151","0.822","","","","","","","","","","","","","","","","","","","9138465","5204251","4201847","87699","82741","87.68","49.93","40.31","7938","","10423056","83.479","45.3","20.396","14.524","24574.382","1.5","175.695","4.55","35.3","52","","4.21","82.24","0.888",""
80,"GRL","North America","Greenland","2021-07-09","","","","","","","","","","","","","","","","","","","","","","","","","","","","","","","47971","31494","16477","1225","694","84.5","55.47","29.02","12224","","56772","0.137","","","","","","199.941","2.16","","","","","71.7","",""
81,"GRD","North America","Grenada","2021-07-09","161","0","0","1","0","0","1430.869","0","0","8.887","0","0","","","","","","","","","","","","","","","","","","","","","","","","","","","","","112519","317.132","29.4","7.304","5.021","13593.877","","243.964","10.71","","","","3.7","72.4","0.779",""
82,"GTM","North America","Guatemala","2021-07-09","314302","2960","2199.714","9643","34","41.857","17543.514","165.219","122.782","538.247","1.898","2.336","","","","","","","","","","","","","","","","","","","","","","","","","","","","","17915567","157.834","22.9","4.694","3.016","7423.808","8.7","155.898","10.18","","","76.665","0.6","74.3","0.663",""
83,"GGY","Europe","Guernsey","2021-07-09","","","","","","","","","","","","","","","","","","","","","","","","","","","","","","","85940","","","","554","128.17","","","8262","","67052","","","","","","","","","","","","","","",""
84,"GIN","Africa","Guinea","2021-07-09","24020","21","30.429","175","1","0.429","1829.009","1.599","2.317","13.325","0.076","0.033","","","","","","","","","","","","","","","","","","","","","","","","","","","","","13132792","51.755","19","3.135","1.733","1998.926","35.3","336.717","2.42","","","17.45","0.3","61.6","0.477",""
85,"GNB","Africa","Guinea-Bissau","2021-07-09","3934","13","7.714","70","0","0.143","1998.986","6.606","3.92","35.569","0","0.073","","","","","","","","","","","","","","","","","","","","","","","","","","","","","1967998","66.191","19.4","3.002","1.565","1548.675","67.1","382.474","2.42","","","6.403","","58.32","0.48",""
86,"GUY","South America","Guyana","2021-07-09","20834","77","86.143","489","3","1.714","26487.524","97.895","109.519","621.695","3.814","2.179","","","","","","","","","","","","","","","","","","","","","","","","","","","","","786559","3.952","26.3","5.305","2.837","7435.047","","373.159","11.62","","","77.159","1.6","69.91","0.682",""
87,"HTI","North America","Haiti","2021-07-09","19220","48","80.286","471","4","5","1685.59","4.21","7.041","41.307","0.351","0.438","","","","","","","","","","","","","","","","","","","","","","","","","","","","","11402533","398.448","24.3","4.8","2.954","1653.173","23.5","430.548","6.65","2.9","23.1","22.863","0.7","64","0.51",""
88,"HND","North America","Honduras","2021-07-09","272730","1111","1079.429","7221","29","23.143","27535.668","112.17","108.982","729.055","2.928","2.337","","","","","","","","","","","","","","","","","","","","","","","","","","","","","9904608","82.805","24.9","4.652","2.883","4541.795","16","240.208","7.21","2","","84.169","0.7","75.27","0.634",""
89,"HKG","Asia","Hong Kong","2021-07-09","11949","1","1.571","212","0","0.143","1593.84","0.133","0.21","28.278","0","0.019","","","","","","","","","","","","","","","","","","","4277273","2541798","1735475","70010","61458","57.05","33.9","23.15","8198","","7496988","7039.714","44.8","16.303","10.158","56054.92","","","8.33","","","","","84.86","0.949",""
90,"ISL","Europe","Iceland","2021-07-09","6555","0","0","29","0","0","19208.791","0","0","84.982","0","0","","","","","","","","","","","","","","","","","","","451936","264849","239686","880","2366","132.44","77.61","70.24","6933","","341250","3.404","37.3","14.431","9.207","46482.958","0.2","117.992","5.31","14.3","15.2","","2.91","82.99","0.949",""
91,"IND","Asia","India","2021-07-09","30795716","42766","41907.714","407145","1206","870.714","22315.665","30.99","30.368","295.032","0.874","0.631","","","","","","","","","","","","","","","","","","","","","","","","","","","","","1380004385","450.419","28.2","5.989","3.414","6426.674","21.2","282.28","10.39","1.9","20.6","59.55","0.53","69.66","0.645",""
92,"IDN","Asia","Indonesia","2021-07-09","2455912","38124","32424.857","64631","871","728.143","8978.793","139.381","118.545","236.29","3.184","2.662","","","","","","","","","","","","","","","","","","","50644144","35775567","14868577","1160956","854602","18.52","13.08","5.44","3124","","273523621","145.725","29.3","5.319","3.053","11188.744","5.7","342.864","6.32","2.8","76.1","64.204","1.04","71.72","0.718",""
93,"IRN","Asia","Iran","2021-07-09","3344122","16596","15918","85543","146","146.714","39814.316","197.588","189.516","1018.454","1.738","1.747","","","","","","","","","","","","","","","","","","","","","","","","","","","","","83992953","49.831","32.4","5.44","3.182","19082.62","0.2","270.308","9.59","0.8","21.1","","1.5","76.68","0.783",""
94,"IRQ","Asia","Iraq","2021-07-09","1414925","8636","7869.857","17476","32","31.429","35177.448","214.706","195.658","434.483","0.796","0.781","","","","","","","","","","","","","","","","","","","","","","","","","","","","","40222503","88.125","20","3.186","1.957","15663.986","2.5","218.612","8.83","","","94.576","1.4","70.6","0.674",""
95,"IRL","Europe","Ireland","2021-07-09","276735","631","491.286","5006","0","0.857","56044.235","127.79","99.495","1013.813","0","0.174","","","","","","","","","","","","","","","","","","","4676455","2737301","2011239","","58757","94.71","55.44","40.73","11899","","4937796","69.874","38.7","13.928","8.678","67335.293","0.2","126.459","3.28","23","25.7","","2.96","82.3","0.955",""
96,"IMN","Europe","Isle of Man","2021-07-09","","","","","","","","","","","","","","","","","","","","","","","","","","","","","","","113007","64151","48856","337","624","132.9","75.44","57.46","7338","","85032","147.872","","","","","","","","","","","","81.4","",""
97,"ISR","Asia","Israel","2021-07-09","845379","390","429.714","6434","2","0.714","97669.112","45.058","49.646","743.339","0.231","0.083","","16","1.849","70","8.087","","","","","","","","","","","","","","10913773","5723382","5190391","12019","16230","126.09","66.12","59.97","1875","","8655541","402.606","30.6","11.733","7.359","33132.32","0.5","93.32","6.74","15.4","35.4","","2.99","82.97","0.919",""
98,"ITA","Europe","Italy","2021-07-09","4268491","1386","987","127756","25","20.143","70598.114","22.924","16.324","2113.003","0.413","0.333","","","","","","","","","","","","","","","","","","","55899111","34936906","22226256","575055","522209","92.45","57.78","36.76","8637","","60461828","205.859","47.9","23.021","16.24","35220.084","2","113.151","4.78","19.8","27.8","","3.18","83.51","0.892",""
99,"JAM","North America","Jamaica","2021-07-09","50568","71","46.571","1111","3","4.143","17077.086","23.977","15.727","375.191","1.013","1.399","","","","","","","","","","","","","","","","","","","288320","176879","111441","","2738","9.74","5.97","3.76","925","","2961161","266.879","31.4","9.684","6.39","8193.571","","206.537","11.28","5.3","28.6","66.425","1.7","74.47","0.734",""
100,"JPN","Asia","Japan","2021-07-09","816593","2274","1825.857","14885","20","15.143","6456.482","17.98","14.436","117.69","0.158","0.12","","","","","","","","","","","","","","","","","","","","","","","","","","","","","126476458","347.778","48.2","27.049","18.493","39002.223","","79.37","5.72","11.2","33.7","","13.05","84.63","0.919",""
101,"JOR","Asia","Jordan","2021-07-09","755948","468","507.571","9818","6","8.286","74089.741","45.868","49.747","962.253","0.588","0.812","","","","","","","","","","","","","","","","","","","4244779","2610278","1634501","","46937","41.6","25.58","16.02","4600","","10203140","109.285","23.2","3.81","2.361","8337.49","0.1","208.257","11.75","","","","1.4","74.53","0.729",""
102,"KAZ","Asia","Kazakhstan","2021-07-09","505630","3049","2489.429","3561","5","3.143","26928.577","162.382","132.581","189.65","0.266","0.167","","","","","","","","","","","","","","","","","","","6470158","4134139","2336019","166269","125918","34.46","22.02","12.44","6706","","18776707","6.681","30.6","6.991","4.625","24055.588","0.1","466.792","7.11","7","43.1","98.999","6.7","73.6","0.825",""
103,"KEN","Africa","Kenya","2021-07-09","187977","452","416.714","3718","2","9.571","3495.861","8.406","7.75","69.145","0.037","0.178","","","","","","","","","","","","","","","","","","","1530551","1025427","505124","6107","11843","2.85","1.91","0.94","220","","53771300","87.324","20","2.686","1.528","2993.028","36.8","218.637","2.92","1.2","20.4","24.651","1.4","66.7","0.601",""
104,"KIR","Oceania","Kiribati","2021-07-09","2","0","0","","","0","16.744","0","0","","","0","","","","","","","","","","","","","","","","","","","","","","","","","","","","","119446","143.701","23.2","3.895","2.21","1981.132","","434.657","22.66","35.9","58.9","","1.9","68.37","0.63",""
105,"OWID_KOS","Europe","Kosovo","2021-07-09","107835","8","7.143","2268","2","0.857","55792.866","4.139","3.696","1173.443","1.035","0.443","","","","","","","","","","","","","","","","","","","","","","","","","","","","","1932774","168.155","","","","9795.834","0.6","","","","","","","","",""
106,"KWT","Asia","Kuwait","2021-07-09","372549","1617","1734.714","2089","18","13.429","87236.507","378.639","406.203","489.163","4.215","3.144","","","","","","","","","","","","","","","","","","","","","","","","","","","","","4270563","232.128","33.7","2.345","1.114","65530.537","","132.235","15.84","2.7","37","","2","75.49","0.806",""
107,"KGZ","Asia","Kyrgyzstan","2021-07-09","137058","1319","1311.143","2083","10","9.143","21007.662","202.171","200.966","319.273","1.533","1.401","","","","","","","","","","","","","","","","","","","","","","","","","","","","","6524191","32.333","26.3","4.489","2.882","3393.474","1.4","436.362","7.11","3.6","50.5","89.22","4.5","71.45","0.697",""
108,"LAO","Asia","Laos","2021-07-09","2537","68","51.571","3","0","0","348.702","9.346","7.088","0.412","0","0","","","","","","","","","","","","","","","","","","","","","","","","","","","","","7275556","29.715","24.4","4.029","2.322","6397.36","22.7","368.111","4","7.3","51.2","49.839","1.5","67.92","0.613",""
109,"LVA","Europe","Latvia","2021-07-09","137831","34","41.571","2536","1","1.429","73073.298","18.026","22.04","1344.501","0.53","0.757","","","","","","","","","","","","","","","","","","","1229540","695298","607478","8732","7597","65.19","36.86","32.21","4028","","1886202","31.212","43.9","19.754","14.136","25063.846","0.7","350.06","4.91","25.6","51","","5.57","75.29","0.866",""
110,"LBN","Asia","Lebanon","2021-07-09","547170","404","277.714","7871","2","2.143","80166.237","59.19","40.688","1153.185","0.293","0.314","","","","","","","","","","","","","","","","","","","1534259","1003157","531102","15998","22523","22.48","14.7","7.78","3300","","6825442","594.561","31.1","8.514","5.43","13367.565","","266.591","12.71","26.9","40.7","","2.9","78.93","0.744",""
111,"LSO","Africa","Lesotho","2021-07-09","11646","2","14.571","335","0","0.857","5436.335","0.934","6.802","156.377","0","0.4","","","","","","","","","","","","","","","","","","","","","","","","","","","","","2142252","73.562","22.2","4.506","2.647","2851.153","59.6","405.126","3.94","0.4","53.9","2.117","","54.33","0.527",""
112,"LBR","Africa","Liberia","2021-07-09","5080","86","80","142","7","1.286","1004.414","17.004","15.818","28.076","1.384","0.254","","","","","","","","","","","","","","","","","","","","","","","","","","","","","5057677","49.127","19.2","3.057","1.756","752.788","38.6","272.509","2.42","1.5","18.1","1.188","0.8","64.1","0.48",""
113,"LBY","Africa","Libya","2021-07-09","201236","1710","987.571","3232","5","3.857","29286.508","248.862","143.724","470.363","0.728","0.561","","","","","","","","","","","","","","","","","","","","","","","","","","","","","6871287","3.623","29","4.424","2.816","17881.509","","341.862","10.43","","","","3.7","72.91","0.724",""
114,"LIE","Europe","Liechtenstein","2021-07-09","3054","2","2","59","0","0","80079.713","52.443","52.443","1547.054","0","0","","","","","","","","","","","","","","","","","","","","","","","","","","","","","38137","237.012","","","","","","","7.77","","","","2.397","82.49","0.919",""
115,"LTU","Europe","Lithuania","2021-07-09","279094","70","38.286","4396","0","1.286","102521.736","25.714","14.064","1614.816","0","0.472","","","","","","","","","","","","","","","","","","","2405523","1275230","1130293","15441","11034","88.36","46.84","41.52","4053","","2722291","45.135","43.5","19.002","13.778","29524.265","0.7","342.989","3.67","21.3","38","","6.56","75.93","0.882",""
116,"LUX","Europe","Luxembourg","2021-07-09","72010","131","139.857","819","0","0.143","115036.359","209.273","223.423","1308.357","0","0.228","","","","","","","","","","","","","","","","","","","604188","365471","238717","4924","6226","96.52","58.38","38.14","9946","","625976","231.447","39.7","14.312","9.842","94277.965","0.2","128.275","4.42","20.9","26","","4.51","82.25","0.916",""
117,"MAC","Asia","Macao","2021-07-09","","","","","","","","","","","","","","","","","","","","","","","","","","","","","","","401532","257597","140317","6623","6711","61.84","39.67","21.61","10335","","649342","20546.766","39.2","9.798","4.991","104861.851","","","","","","","","84.24","",""
118,"MDG","Africa","Madagascar","2021-07-09","42392","16","18.286","928","1","1.429","1530.893","0.578","0.66","33.513","0.036","0.052","","","","","","","","","","","","","","","","","","","","","","","","","","","","","27691019","43.951","19.6","2.929","1.686","1416.44","77.6","405.994","3.94","","","50.54","0.2","67.04","0.528",""
119,"MWI","Africa","Malawi","2021-07-09","38434","451","265.857","1234","7","4.571","2009.1","23.576","13.897","64.506","0.366","0.239","","","","","","","","","","","","","","","","","","","","","","","","","","","","","19129955","197.519","18.1","2.979","1.783","1095.042","71.4","227.349","3.94","4.4","24.7","8.704","1.3","64.26","0.483",""
120,"MYS","Asia","Malaysia","2021-07-09","817838","9180","7412.714","5980","77","93.286","25268.431","283.631","229.028","184.762","2.379","2.882","","","","","","","","","","","","","","","","","","","10750748","7435877","3314871","337478","309694","33.22","22.97","10.24","9568","","32365998","96.254","29.9","6.293","3.407","26808.164","0.1","260.942","16.74","1","42.4","","1.9","76.16","0.81",""
121,"MDV","Asia","Maldives","2021-07-09","74903","55","118.429","213","0","0","138570.176","101.75","219.092","394.049","0","0","","","","","","","","","","","","","","","","","","","","","","","","","","","","","540542","1454.433","30.6","4.12","2.875","15183.616","","164.905","9.19","2.1","55","95.803","","78.92","0.74",""
122,"MLI","Africa","Mali","2021-07-09","14457","2","3.143","528","0","0.429","713.897","0.099","0.155","26.073","0","0.021","","","","","","","","","","","","","","","","","","","","","","","","","","","","","20250834","15.196","16.4","2.519","1.486","2014.306","","268.024","2.42","1.6","23","52.232","0.1","59.31","0.434",""
123,"MLT","Europe","Malta","2021-07-09","30851","96","31.143","420","0","0","69871.518","217.421","70.533","951.218","0","0","","","","","","","","","","","","","","","","","","","","","","","","","","","","","441539","1454.037","42.4","19.426","11.324","36513.323","0.2","168.711","8.83","20.9","30.2","","4.485","82.53","0.895",""
124,"MHL","Oceania","Marshall Islands","2021-07-09","4","0","0","","","0","67.574","0","0","","","0","","","","","","","","","","","","","","","","","","","","","","","","","","","","","59194","295.15","","","","3819.202","","557.793","30.53","","","82.502","2.7","73.7","0.704",""
125,"MRT","Africa","Mauritania","2021-07-09","21499","196","74.571","493","3","0.571","4623.779","42.154","16.038","106.029","0.645","0.123","","","","","","","","","","","","","","","","","","","","","","","","","","","","","4649660","4.289","20.3","3.138","1.792","3597.633","6","232.347","2.42","","","15.95","","64.92","0.546",""
126,"MUS","Africa","Mauritius","2021-07-09","1858","0","0","18","0","0","1460.959","0","0","14.154","0","0","","","","","","","","","","","","","","","","","","","","","","","","","","","","","1271767","622.962","37.4","10.945","5.884","20292.745","0.5","224.644","22.02","3.2","40.7","","3.4","74.99","0.804",""
127,"MEX","North America","Mexico","2021-07-09","2577140","9319","6564","234675","217","178.143","19988.249","72.278","50.91","1820.135","1.683","1.382","","","","","","","","","","","","","","","","","","","","","","","","","","","","","128932753","66.444","29.3","6.857","4.321","17336.469","2.5","152.783","13.06","6.9","21.4","87.847","1.38","75.05","0.779",""
128,"FSM","Oceania","Micronesia (country)","2021-07-09","1","0","0","","","0","8.694","0","0","","","0","","","","","","","","","","","","","","","","","","","","","","","","","","","","","115021","150.777","23","4.81","2.392","3299.464","16","454.343","12.02","","","","","67.88","0.62",""
129,"MDA","Europe","Moldova","2021-07-09","257343","71","67.571","6207","2","1.857","63794.09","17.601","16.751","1538.685","0.496","0.46","","","","","","","","","","","1294241","320.836","","4385","1.087","","","tests performed","784671","479124","305547","10484","6958","19.45","11.88","7.57","1725","","4033963","123.655","37.6","10.864","6.955","5189.972","0.2","408.502","5.72","5.9","44.6","86.979","5.8","71.9","0.75",""
130,"MCO","Europe","Monaco","2021-07-09","2611","8","3.571","33","0","0","66532.464","203.853","91.006","840.893","0","0","","","","","","","","","","","","","","","","","","","","","","","","","","","","","39244","19347.5","","","","","","","5.46","","","","13.8","86.75","",""
131,"MNG","Asia","Mongolia","2021-07-09","134270","0","1990.143","660","0","9.714","40957.303","0","607.067","201.324","0","2.963","","","","","","","","","","","","","","","","","","","","","","","","","","","","","3278292","1.98","28.6","4.031","2.421","11840.846","0.5","460.043","4.82","5.5","46.5","71.18","7","69.87","0.737",""
132,"MNE","Europe","Montenegro","2021-07-09","100430","16","19.714","1620","1","1","159904.595","25.475","31.389","2579.363","1.592","1.592","","","","","","","","","","","","","","","","","","","300611","157177","143434","1239","1284","47.86","25.03","22.84","2044","","628062","46.28","39.1","14.762","9.395","16409.288","1","387.305","10.08","44","47.9","","3.861","76.88","0.829",""
133,"MAR","Africa","Morocco","2021-07-09","539839","1250","977.857","9351","5","6.286","14625.598","33.866","26.493","253.342","0.135","0.17","","","","","","","","","","","","","","","","","","","19570153","10349861","9220292","38811","50103","53.02","28.04","24.98","1357","","36910558","80.08","29.6","6.769","4.209","7485.013","1","419.146","7.14","0.8","47.1","","1.1","76.68","0.686",""
134,"MMR","Asia","Myanmar","2021-07-09","184375","4320","3309.286","3685","64","45.857","3388.636","79.397","60.822","67.727","1.176","0.843","","","","","","","","","","","","","","","","","","","","","","","","","","","","","54409794","81.721","29.1","5.732","3.12","5591.597","6.4","202.104","4.61","6.3","35.2","79.287","0.9","67.13","0.583",""
135,"NAM","Africa","Namibia","2021-07-09","102373","1372","1357.714","1883","71","42.429","40289.801","539.963","534.34","741.071","27.943","16.698","","","","","","","","","","","","","","","","","","","","","","","","","","","","","2540916","3.078","22","3.552","2.085","9541.808","13.4","243.811","3.94","9.7","34.2","44.6","","63.71","0.646",""
136,"NRU","Oceania","Nauru","2021-06-29","","","","","","","","","","","","","","","","","","","","","","","","","","","","","","","9313","7499","1814","","228","85.96","69.22","16.74","21045","","10834","682.45","","","","12895.635","","","24.07","43","36.9","","5","59.96","",""
137,"NPL","Asia","Nepal","2021-07-09","652859","1479","1543.714","9340","20","23","22406.675","50.761","52.982","320.557","0.686","0.789","","","","","","","","","","","","","","","","","","","3576315","2611807","964508","","30595","12.27","8.96","3.31","1050","","29136808","204.43","25","5.809","3.212","2442.804","15","260.797","7.26","9.5","37.8","47.782","0.3","70.78","0.602",""
138,"NLD","Europe","Netherlands","2021-07-09","1736666","6960","3163.143","18048","2","1.429","101352.721","406.189","184.603","1053.291","0.117","0.083","","","","","","","","","","","","","","","","","","","17191580","11182551","6709824","","133953","100.33","65.26","39.16","7818","","17134873","508.544","43.2","18.779","11.881","48472.545","","109.361","5.29","24.4","27.3","","3.32","82.28","0.944",""
139,"NCL","Oceania","New Caledonia","2021-07-06","","","","","","","","","","","","","","","","","","","","","","","","","","","","","","","115218","60764","54454","","566","40.36","21.28","19.07","1983","","285491","15.342","33.4","9.954","6.489","","","","23.36","","","","","77.55","",""
140,"NZL","Oceania","New Zealand","2021-07-09","2766","0","3.286","26","0","0","573.593","0","0.681","5.392","0","0","","","","","","","","","","","","","","","","","","","","","","","","","","","","","4822233","18.206","37.9","15.322","9.72","36085.843","","128.797","8.08","14.8","17.2","","2.61","82.29","0.931",""
141,"NIC","North America","Nicaragua","2021-07-09","8461","0","40.429","192","0","0.143","1277.218","0","6.103","28.983","0","0.022","","","","","","","","","","","","","","","","","","","","","","","","","","","","","6624554","51.667","27.3","5.445","3.519","5321.444","3.2","137.016","11.47","","","","0.9","74.48","0.66",""
142,"NER","Africa","Niger","2021-07-09","5532","3","5.714","194","0","0.143","228.532","0.124","0.236","8.014","0","0.006","","","","","","","","","","","","","","","","","","","","","","","","","","","","","24206636","16.955","15.1","2.553","1.378","926","44.5","238.339","2.42","0.1","15.4","8.978","0.3","62.42","0.394",""
143,"NGA","Africa","Nigeria","2021-07-09","168442","186","101.429","2122","0","0.143","817.126","0.902","0.492","10.294","0","0.001","","","","","","","","","","","","","","","","","","","","","","","","","","","","","206139587","209.588","18.1","2.751","1.447","5338.454","","181.013","2.42","0.6","10.8","41.949","","54.69","0.539",""
144,"NIU","Oceania","Niue","2021-07-06","","","","","","","","","","","","","","","","","","","","","","","","","","","","","","","1216","1184","32","","74","75.15","73.18","1.98","45735","","1618","","","","","","","","","","","","","73.71","",""
145,"OWID_NAM","","North America","2021-07-09","40015721","72424","36639","907543","879","548.571","67585.88","122.323","61.883","1532.825","1.485","0.927","","","","","","","","","","","","","","","","","","","451974360","260340981","203794207","1322768","1782958","76.34","43.97","34.42","3011","","592072204","","","","","","","","","","","","","","",""
146,"MKD","Europe","North Macedonia","2021-07-09","155770","10","10","5487","1","0.143","74767.925","4.8","4.8","2633.701","0.48","0.069","","","","","","","","","","","","","","","","","","","","","","","","","","","","","2083380","82.6","39.1","13.26","8.16","13111.214","5","322.688","10.08","","","","4.28","75.8","0.774",""
147,"OWID_CYN","Asia","Northern Cyprus","2021-05-27","","","","","","","","","","","","","","","","","","","","","","","","","","","","","","","129743","75463","54280","","575","33.94","19.74","14.2","1504","","","","","","","","","","","","","","","","",""
148,"NOR","Europe","Norway","2021-07-09","132966","293","173.857","796","0","0.286","24526.852","54.047","32.07","146.83","0","0.053","","","","","","","","","","","","","","","","","","","","","","","","","","","","","5421242","14.462","39.7","16.821","10.813","64800.057","0.2","114.316","5.31","19.6","20.7","","3.6","82.4","0.957",""
149,"OWID_OCE","","Oceania","2021-07-09","60628","924","680.857","1165","3","4.286","1420.598","21.651","15.953","27.298","0.07","0.1","","","","","","","","","","","","","","","","","","","10986720","8104753","2881967","164773","146875","25.74","18.99","6.75","3441","","42677809","","","","","","","","","","","","","","",""
150,"OMN","Asia","Oman","2021-07-09","281688","0","1597.714","3371","0","33","55161.318","0","312.871","660.123","0","6.462","","","","","","","","","","","","","","","","","","","","","","","","","","","","","5106622","14.98","30.7","2.355","1.53","37960.709","","266.342","12.61","0.5","15.6","97.4","1.6","77.86","0.813",""
151,"PAK","Asia","Pakistan","2021-07-09","971304","1828","1459.857","22555","35","25.143","4397.183","8.276","6.609","102.109","0.158","0.114","","","","","","","","","","48478","14960221","67.726","0.219","46150","0.209","","","tests performed","","","","","","","","","","","220892331","255.573","23.5","4.495","2.78","5034.708","4","423.031","8.35","2.8","36.7","59.607","0.6","67.27","0.557",""
152,"PSE","Asia","Palestine","2021-07-09","315047","178","91.143","3579","2","1.286","61756.775","34.892","17.866","701.57","0.392","0.252","","","","","","","","","","","","","","","","","","","","","","","","","","","","","5101416","778.202","20.4","3.043","1.726","4449.898","1","265.91","10.59","","","","","74.05","0.708",""
153,"PAN","North America","Panama","2021-04-29","364218","323","318","6227","5","4.143","84411.954","74.859","73.7","1443.183","1.159","0.96","1.01","","","","","","","","","8556","2381082","551.845","1.983","7739","1.794","0.041","24.3","tests performed","672159","482089","190070","28220","11637","15.58","11.17","4.41","2697","65.74","4314768","55.133","29.7","7.918","5.03","22267.037","2.2","128.346","8.33","2.4","9.9","","2.3","78.51","0.815",""
154,"PNG","Oceania","Papua New Guinea","2021-07-09","17292","0","27.714","177","0","0.571","1932.709","0","3.098","19.783","0","0.064","","","","","","","","","","","","","","","","","","","","","","","","","","","","","8947027","18.22","22.6","3.808","2.142","3823.194","","561.494","17.65","23.5","48.8","","","64.5","0.555",""
155,"PRY","South America","Paraguay","2021-07-09","435522","1258","1314.857","13806","77","97","61061.363","176.375","184.347","1935.639","10.796","13.6","","","","","","","","","","","","","","","","","","","","","","","","","","","","","7132530","17.144","26.5","6.378","3.833","8827.01","1.7","199.128","8.27","5","21.6","79.602","1.3","74.25","0.728",""
156,"PER","South America","Peru","2021-07-09","2074186","0","2376","193909","0","174.571","62907.791","0","72.061","5881.048","0","5.295","","","","","","","","","","","","","","","","","","","","","","","","","","","","","32971846","25.129","29.1","7.151","4.455","12236.706","3.5","85.755","5.95","4.8","","","1.6","76.74","0.777",""
157,"PHL","Asia","Philippines","2021-07-09","1461455","5870","5276.714","25720","70","106.714","13336.745","53.568","48.154","234.712","0.639","0.974","","","","","","","","","","","","","","","","","","","","","","","","","","","","","109581085","351.873","25.2","4.803","2.661","7599.188","","370.437","7.07","7.8","40.8","78.463","1","71.23","0.718",""
158,"PCN","Oceania","Pitcairn","2021-06-21","","","","","","","","","","","","","","","","","","","","","","","","","","","","","","","47","47","","","0","100","100","","0","","47","","","","","","","","","","","","","","",""
159,"POL","Europe","Poland","2021-07-09","2880670","74","80.429","75152","17","12.429","76114.357","1.955","2.125","1985.7","0.449","0.328","","","","","","","","","","","","","","","","","","","31258249","17374533","14938143","253739","209543","82.59","45.91","39.47","5537","50","37846605","124.027","41.8","16.763","10.202","27216.445","","227.331","5.91","23.3","33.1","","6.62","78.73","0.88",""
160,"PRT","Europe","Portugal","2021-07-09","902489","3194","2578.143","17142","7","4.857","88507.888","313.238","252.841","1681.131","0.686","0.476","","","","","","","","","","","","","","","","","","","","","","","","","","","","","10196707","112.371","46.2","21.502","14.924","27936.896","0.5","127.842","9.85","16.3","30","","3.39","82.05","0.864",""
161,"QAT","Asia","Qatar","2021-07-09","223175","144","117.857","598","0","1","77462.809","49.982","40.908","207.562","0","0.347","","","","","","","","","","","","","","","","","","","3383787","1844917","1538870","14624","24650","117.45","64.04","53.41","8556","","2881060","227.322","31.9","1.307","0.617","116935.6","","176.69","16.52","0.8","26.9","","1.2","80.23","0.848",""
162,"ROU","Europe","Romania","2021-07-09","1081174","54","44.857","34197","29","42.714","56200.846","2.807","2.332","1777.605","1.507","2.22","","","","","","","","","","","","","","","","","","","","","","","","","","","","","19237682","85.129","43","17.85","11.69","23313.199","5.7","370.946","9.74","22.9","37.1","","6.892","76.05","0.828",""
163,"RUS","Europe","Russia","2021-07-09","5664200","25299","24098.143","139156","715","693.429","38813.314","173.359","165.13","953.551","4.899","4.752","","","","","","","","","","","","","","","","","","","46626243","27899062","18727181","1055312","686350","31.95","19.12","12.83","4703","","145934460","8.823","39.6","14.178","9.393","24765.954","0.1","431.297","6.18","23.4","58.3","","8.05","72.58","0.824",""
164,"RWA","Africa","Rwanda","2021-07-09","46837","887","862.714","534","13","11.571","3616.14","68.483","66.608","41.228","1.004","0.893","","","","","","","","","","","","","","","","","","","645674","392832","252842","","1490","4.99","3.03","1.95","115","","12952209","494.869","20.3","2.974","1.642","1854.211","56","191.375","4.28","4.7","21","4.617","","69.02","0.543",""
165,"SHN","Africa","Saint Helena","2021-05-05","","","","","","","","","","","","","","","","","","","","","","","","","","","","","","","7892","4361","3531","","97","130","71.83","58.16","15978","","6071","","","","","","","","","","","","","80.56","",""
166,"KNA","North America","Saint Kitts and Nevis","2021-07-09","520","1","6.286","3","0","0","9775.906","18.8","118.17","56.399","0","0","","","","","","","","","","159","22365","420.458","2.989","","","","","people tested","","","","","","","","","","","53192","212.865","","","","24654.385","","","12.84","","","","2.3","76.23","0.779",""
167,"LCA","North America","Saint Lucia","2021-07-09","5380","6","11.143","86","1","0.286","29298.205","32.675","60.681","468.336","5.446","1.556","","","","","","","","","","","","","","","","","","","53699","31229","22470","186","105","29.24","17.01","12.24","572","","183629","293.187","34.9","9.721","6.405","12951.839","","204.62","11.62","","","87.202","1.3","76.2","0.759",""
168,"VCT","North America","Saint Vincent and the Grenadines","2021-07-09","2241","1","1.714","12","0","0","20198.834","9.013","15.451","108.16","0","0","","","","","","","","","","","","","","","","","","","","","","","","","","","","","110947","281.787","31.8","7.724","4.832","10727.146","","252.675","11.62","","","","2.6","72.53","0.738",""
169,"WSM","Oceania","Samoa","2021-07-09","3","0","0","","","0","15.12","0","0","","","0","","","","","","","","","","","","","","","","","","","","","","","","","","","","","198410","69.413","22","5.606","3.564","6021.557","","348.977","9.21","16.7","38.1","","","73.32","0.715",""
170,"SMR","Europe","San Marino","2021-07-09","5092","0","0.143","90","0","0","150038.305","0","4.209","2651.895","0","0","","","","","","","","","","","","","","","","","","","","","","","","","","","","","33938","556.667","","","","56861.47","","","5.64","","","","3.8","84.97","",""
171,"STP","Africa","Sao Tome and Principe","2021-07-09","2387","1","2.571","37","0","0","10891.536","4.563","11.733","168.826","0","0","","","","","","","","","","","","","","","","","","","","","","","","","","","","","219161","212.841","18.7","2.886","2.162","3052.714","32.3","270.113","2.42","","","41.34","2.9","70.39","0.625",""
172,"SAU","Asia","Saudi Arabia","2021-07-09","498906","1133","1206","7947","14","14.143","14330.669","32.545","34.641","228.271","0.402","0.406","","","","","","","","","","","","","","","","","","","19396996","17271835","2125161","134317","171179","55.72","49.61","6.1","4917","","34813867","15.322","31.9","3.295","1.845","49045.411","","259.538","17.72","1.8","25.4","","2.7","75.13","0.854",""
173,"SEN","Africa","Senegal","2021-07-09","45266","476","262.714","1187","3","2.429","2703.427","28.428","15.69","70.891","0.179","0.145","","","","","","","","","","","","","","","","","","","","","","","","","","","","","16743930","82.328","18.7","3.008","1.796","2470.58","38","241.219","2.42","0.4","16.6","20.859","","67.94","0.512",""
174,"SRB","Europe","Serbia","2021-07-09","717403","110","98","7067","3","2.286","105429.183","16.166","14.402","1038.563","0.441","0.336","","","","","","","","","","","","","","","","","","","","","","","","","","","","","6804596","80.291","41.2","17.366","","14048.881","","439.415","10.08","37.7","40.2","97.719","5.609","76","0.806",""
175,"SLE","Africa","Sierra Leone","2021-07-09","5963","76","37.286","109","0","0.714","747.526","9.527","4.674","13.664","0","0.09","","","","","","","","","","","","","","","","","","","","","","","","","","","","","7976985","104.7","19.1","2.538","1.285","1390.3","52.2","325.721","2.42","8.8","41.3","19.275","","54.7","0.452",""
176,"SGP","Asia","Singapore","2021-07-09","62678","10","11.286","36","0","0","10713.56","1.709","1.929","6.153","0","0","","","","","","","","","","","","","","","","","","","6083907","3843179","2240728","","76042","103.99","65.69","38.3","12998","","5850343","7915.731","42.4","12.922","7.049","85535.383","","92.243","10.99","5.2","28.3","","2.4","83.62","0.938",""
177,"SXM","North America","Sint Maarten (Dutch part)","2021-07-02","","","","","","","","","","","","","","","","","","","","","","","","","","","","","","","39460","21649","17811","","167","92.02","50.49","41.53","3894","","42882","1209.088","","","","36327.232","","","","","","","","78.95","",""
178,"SVK","Europe","Slovakia","2021-07-09","391852","39","25.143","12517","1","0.857","71772.458","7.143","4.605","2292.641","0.183","0.157","","","","","","","","","","","","","","","","","","","3836635","2109685","1726950","448","19559","70.27","38.64","31.63","3582","","5459643","113.128","41.2","15.07","9.167","30155.152","0.7","287.959","7.29","23.1","37.7","","5.82","77.54","0.86",""
179,"SVN","Europe","Slovenia","2021-07-09","257703","84","45.714","4423","0","0.571","123959.321","40.405","21.989","2127.535","0","0.275","","","","","","","","","","","","","","","","","","","1585946","846873","739073","11518","8122","76.29","40.74","35.55","3907","","2078932","102.619","44.5","19.062","12.93","31400.84","","153.493","7.25","20.1","25","","4.5","81.32","0.917",""
180,"SLB","Oceania","Solomon Islands","2021-07-09","20","0","0","","","0","29.117","0","0","","","0","","","","","","","","","","","","","","","","","","","","","","","","","","","","","686878","21.841","20.8","3.507","2.043","2205.923","25.1","459.78","18.68","","","35.89","1.4","73","0.567",""
181,"SOM","Africa","Somalia","2021-07-09","14995","0","7","775","0","0","943.484","0","0.44","48.763","0","0","","","","","","","","","","","","","","","","","","","","","","","","","","","","","15893219","23.5","16.8","2.731","1.496","","","365.769","6.05","","","9.831","0.9","57.4","",""
182,"ZAF","Africa","South Africa","2021-07-09","2157687","22441","19694.429","63873","374","363","36380.621","378.376","332.066","1076.959","6.306","6.121","","","","","","","","","","","","","","","","","","","4203293","3756282","1344690","185851","138806","7.09","6.33","2.27","2340","","59308690","46.754","27.3","5.344","3.053","12294.876","18.9","200.38","5.52","8.1","33.2","43.993","2.32","64.13","0.709",""
183,"OWID_SAM","","South America","2021-07-09","33832899","100930","99463.857","1031958","2600","2852","78542.383","234.307","230.903","2395.669","6.036","6.621","","","","","","","","","","","","","","","","","","","205354362","146305091","62254936","1651256","2489303","47.67","33.96","14.45","5779","","430759772","","","","","","","","","","","","","","",""
184,"KOR","Asia","South Korea","2021-07-09","166722","1378","1054.286","2038","2","1.857","3251.895","26.878","20.564","39.751","0.039","0.036","","","","","","","","","","32125","10683749","208.385","0.627","24687","0.482","","","people tested","20245627","15573316","5801997","175333","102145","39.49","30.38","11.32","1992","","51269183","527.967","43.4","13.914","8.622","35938.374","0.2","85.998","6.8","6.2","40.9","","12.27","83.03","0.916",""
185,"SSD","Africa","South Sudan","2021-07-09","10891","0","3.571","117","0","0","972.955","0","0.319","10.452","0","0","","","","","","","","","","","","","","","","","","","","","","","","","","","","","11193729","","19.2","3.441","2.032","1569.888","","280.775","10.43","","","","","57.85","0.433",""
186,"ESP","Europe","Spain","2021-07-09","3937192","21879","14760.571","81003","6","13.143","84209.395","467.952","315.702","1732.507","0.128","0.281","","","","","","","","","","","","","","","","","","","","","","","","","","","","","46754783","93.105","45.5","19.436","13.799","34272.36","1","99.403","7.17","27.4","31.4","","2.97","83.56","0.904",""
187,"LKA","Asia","Sri Lanka","2021-07-09","271483","1537","1241.143","3434","43","39.571","12678.272","71.778","57.961","160.368","2.008","1.848","","","","","","","","","","","","","","","","","","","4938821","3584651","1354170","222126","128892","23.06","16.74","6.32","6019","","21413250","341.955","34.1","10.069","5.331","11669.077","0.7","197.093","10.68","0.3","27","","3.6","76.98","0.782",""
188,"SDN","Africa","Sudan","2021-07-09","36805","0","21","2760","0","0","839.353","0","0.479","62.943","0","0","","","","","","","","","","","","","","","","","","","","","","","","","","","","","43849269","23.258","19.7","3.548","2.034","4466.507","","431.388","15.67","","","23.437","0.8","65.31","0.51",""
189,"SUR","South America","Suriname","2021-07-09","23169","172","158","568","5","4.143","39494.813","293.198","269.333","968.236","8.523","7.062","","","","","","","","","","","","","","","","","","","208227","167560","40667","","1251","35.5","28.56","6.93","2133","","586634","3.612","29.6","6.933","4.229","13767.119","","258.314","12.54","7.4","42.9","67.779","3.1","71.68","0.738",""
190,"SWE","Europe","Sweden","2021-07-09","1092540","232","237.143","14643","1","1.714","108180.096","22.972","23.481","1449.907","0.099","0.17","","","","","","","","","","","","","","","","","","","9086607","5523876","3562731","135305","131134","89.97","54.7","35.28","12985","","10099270","24.718","41","19.985","13.433","46949.283","0.5","133.982","4.79","18.8","18.9","","2.22","82.8","0.945",""
191,"CHE","Europe","Switzerland","2021-07-09","704943","323","229.857","10898","0","0.571","81452.815","37.321","26.559","1259.212","0","0.066","","","","","","","","","","","","","","","","","","","","","","","","","","","","48.15","8654618","214.243","43.1","18.436","12.644","57410.166","","99.739","5.59","22.6","28.9","","4.53","83.78","0.955",""
192,"SYR","Asia","Syria","2021-07-09","25766","13","25.714","1896","1","2","1472.288","0.743","1.469","108.339","0.057","0.114","","","","","","","","","","","","","","","","","","","","","","","","","","","","","17500657","","21.7","","2.577","","","376.264","","","","70.598","1.5","72.7","0.567",""
193,"TWN","Asia","Taiwan","2021-07-09","15185","36","39.143","730","12","7.714","637.576","1.512","1.643","30.651","0.504","0.324","","","","","","","","","","","","","","","","","","","3357000","3284679","72321","235919","154095","14.1","13.79","0.3","6470","","23816775","","42.2","","8.353","","","103.957","","","","","","80.46","",""
194,"TJK","Asia","Tajikistan","2021-07-09","13753","34","32.857","100","3","1.429","1441.971","3.565","3.445","10.485","0.315","0.15","","","","","","","","","","","","","","","","","","","","","","","","","","","","","9537642","64.281","23.3","3.466","2.155","2896.913","4.8","427.698","7.11","","","72.704","4.8","71.1","0.668",""
195,"TZA","Africa","Tanzania","2021-07-09","509","0","0","21","0","0","8.521","0","0","0.352","0","0","","","","","","","","","","","","","","","","","","","","","","","","","","","","","59734213","64.699","17.7","3.108","1.874","2683.304","49.1","217.288","5.75","3.3","26.7","47.953","0.7","65.46","0.529",""
196,"THA","Asia","Thailand","2021-07-09","317506","9276","6655","2534","72","56.143","4548.798","132.894","95.344","36.304","1.032","0.804","","","","","","","","","","","","","","","","","","","","","","","","","","","","","69799978","135.132","40.1","11.373","6.89","16277.671","0.1","109.861","7.04","1.9","38.8","90.67","2.1","77.15","0.777",""
197,"TLS","Asia","Timor","2021-07-09","9710","53","49.857","25","0","0.143","7364.753","40.199","37.815","18.962","0","0.108","","","","","","","","","","","135026","102.413","","","","","","tests performed","","","","","","","","","","","1318442","87.176","18","3.556","1.897","6570.102","30.3","335.346","6.86","6.3","78.1","28.178","5.9","69.5","0.606",""
198,"TGO","Africa","Togo","2021-07-09","14176","0","25.286","133","0","0.429","1712.338","0","3.054","16.065","0","0.052","","","","","","","","","","","","","","","","","","","","","","","","","","","","","8278737","143.366","19.4","2.839","1.525","1429.813","49.2","280.033","6.15","0.9","14.2","10.475","0.7","61.04","0.515",""
199,"TON","Oceania","Tonga","2021-06-21","","","","","","","","","","","","","","","","","","","","","","","","","","","","","","","28667","28667","","","425","27.12","27.12","","4021","35.19","105697","150.028","22.3","5.82","4.032","5425.621","","227.49","15.42","11.8","44.4","","2.6","70.91","0.725",""
200,"TTO","North America","Trinidad and Tobago","2021-07-09","34402","161","178.429","930","7","9.143","24581.794","115.042","127.495","664.527","5.002","6.533","","","","","","","","","","","","","","","","","","","365446","225311","140135","2863","6551","26.11","16.1","10.01","4681","","1399491","266.886","36.2","10.014","5.819","28763.071","","228.467","10.97","","","89.443","3","73.51","0.796",""
201,"TUN","Africa","Tunisia","2021-07-09","481735","8506","6996.286","16050","189","124.429","40760.688","719.712","591.972","1358.027","15.992","10.528","","","","","","","","","","","","","","","","","","","","","","","","","","","","","11818618","74.228","32.7","8.001","5.075","10849.297","2","318.991","8.52","1.1","65.8","78.687","2.3","76.7","0.74",""
202,"TUR","Asia","Turkey","2021-07-09","5465094","0","4180.429","50096","0","38.143","64799.081","0","49.567","593.983","0","0.452","","","","","","","","","","","","","","","","","","","57248834","37530250","16893992","602377","734874","67.88","44.5","20.03","8713","","84339067","104.914","31.6","8.153","5.061","25129.341","0.2","171.285","12.13","14.1","41.1","","2.81","77.69","0.82",""
203,"TUV","Oceania","Tuvalu","2021-06-15","","","","","","","","","","","","","","","","","","","","","","","","","","","","","","","4772","4772","","","169","40.47","40.47","","14332","","11792","373.067","","","","3575.104","3.3","","27.25","","","","","67.57","",""
204,"UGA","Africa","Uganda","2021-07-09","86140","559","579.714","2062","29","135.857","1883.212","12.221","12.674","45.08","0.634","2.97","","","","","","","","","","","","","","","","","","","","","","","","","","","","","45741000","213.759","16.4","2.168","1.308","1697.707","41.6","213.333","2.5","3.4","16.7","21.222","0.5","63.37","0.544",""
205,"UKR","Europe","Ukraine","2021-07-09","2309264","1122","988.571","54917","23","32.857","52802.779","25.655","22.604","1255.712","0.526","0.751","","","","","","","","","","","","","","","","","","","3420668","2277226","1143442","114660","83765","7.82","5.21","2.61","1915","","43733759","77.39","41.4","16.462","11.133","7894.393","0.1","539.849","7.11","13.5","47.4","","8.8","72.06","0.779",""
206,"ARE","Asia","United Arab Emirates","2021-07-09","647182","1529","1562.429","1853","4","4","65435.372","154.594","157.974","187.353","0.404","0.404","","","","","","","","","","","","","","","","","","","15865306","7437635","6458478","69453","62432","160.41","75.2","65.3","6312","","9890400","112.442","34","1.144","0.526","67293.483","","317.84","17.26","1.2","37.4","","1.2","77.97","0.89",""
207,"GBR","Europe","United Kingdom","2021-07-09","5075945","35885","29162.571","128631","30","25.429","74771.598","528.607","429.582","1894.809","0.442","0.375","","","","","","","","","","","","","","","","","","","","","","","","","","","","51.39","67886004","272.898","40.8","18.517","12.527","39753.244","0.2","122.137","4.28","20","24.7","","2.54","81.32","0.932",""
208,"USA","North America","United States","2021-07-09","33838746","48241","18488.714","606993","518","225.714","102231.043","145.742","55.857","1833.801","1.565","0.682","","","","","","","","","","","","","","","","","","","332966409","183542871","158629431","620612","593848","99.56","54.88","47.43","1776","","331002647","35.608","38.3","15.413","9.732","54225.446","1.2","151.089","10.79","19.1","24.6","","2.77","78.86","0.926",""
209,"UZB","Asia","Uzbekistan","2021-07-09","115011","482","480.429","764","4","3.143","3436.324","14.401","14.354","22.827","0.12","0.094","","","","","","","","","","","","","","","","","","","","","","","","","","","","","33469199","76.134","28.2","4.469","2.873","6253.104","","724.417","7.57","1.3","24.7","","4","71.72","0.72",""
210,"VAT","Europe","Vatican","2021-07-09","27","0","0","","","0","33374.536","0","0","","","0","","","","","","","","","","","","","","","","","","","","","","","","","","","","","809","","","","","","","","","","","","","75.12","",""
211,"VEN","South America","Venezuela","2021-07-09","282940","1033","1105","3264","11","15.714","9950.083","36.327","38.859","114.784","0.387","0.553","","","","","","","","","","","","","","","","","","","","","","","","","","","","","28435943","36.253","29","6.614","3.915","16745.022","","204.85","6.47","","","","0.8","72.06","0.711",""
212,"VNM","Asia","Vietnam","2021-07-08","24810","1425","1011.857","104","2","3.286","254.884","14.64","10.395","1.068","0.021","0.034","","","","","","","","","","","","","","","","","","","3983800","3734268","249532","22844","24290","4.09","3.84","0.26","250","","97338583","308.127","32.6","7.15","4.718","6171.884","2","245.465","6","1","45.9","85.847","2.6","75.4","0.704",""
213,"VNM","Asia","Vietnam","2021-07-09","26608","1798","1212.429","110","6","3.714","273.355","18.472","12.456","1.13","0.062","0.038","","","","","","","","","","","","","","","","","","","4010786","3752512","258274","26986","24020","4.12","3.86","0.27","247","","97338583","308.127","32.6","7.15","4.718","6171.884","2","245.465","6","1","45.9","85.847","2.6","75.4","0.704",""
214,"WLF","Oceania","Wallis and Futuna","2021-07-06","","","","","","","","","","","","","","","","","","","","","","","","","","","","","","","8962","4569","4393","","4","79.69","40.63","39.06","356","","11246","","","","","","","","","","","","","79.94","",""
215,"OWID_WRL","","World","2021-07-09","186060062","502675","425069.571","4018993","8402","7870.143","23869.771","64.489","54.532","515.599","1.078","1.01","","","","","","","","","","","","","","","","","","","3391612082","1953754060","933881346","22314415","31460684","43.51","25.06","11.98","4036","","7794798729","58.045","30.9","8.696","5.355","15469.207","10","233.07","8.51","6.434","34.635","60.13","2.705","72.58","0.737",""
216,"YEM","Asia","Yemen","2021-07-09","6940","4","2.286","1366","1","0.714","232.683","0.134","0.077","45.799","0.034","0.024","","","","","","","","","","","","","","","","","","","","","","","","","","","","","29825968","53.508","20.3","2.922","1.583","1479.147","18.8","495.003","5.35","7.6","29.2","49.542","0.7","66.12","0.47",""
217,"ZMB","Africa","Zambia","2021-07-09","172405","1949","1684.571","2736","64","56.429","9378.014","106.016","91.633","148.825","3.481","3.069","","","","","","","","","","","","","","","","","","","175244","142198","33046","4006","2351","0.95","0.77","0.18","128","","18383956","22.995","17.7","2.48","1.542","3689.251","57.5","234.499","3.94","3.1","24.7","13.938","2","63.89","0.584",""
218,"ZWE","Africa","Zimbabwe","2021-07-09","65066","2683","1771.857","2084","55","34.714","4377.738","180.516","119.213","140.215","3.7","2.336","","","","","","","","","","","","","","","","","","","1464065","875182","588883","30487","15907","9.85","5.89","3.96","1070","","14862927","42.729","19.6","2.822","1.882","1899.775","21.4","307.846","1.82","1.6","30.7","36.791","1.7","61.49","0.571",""20